{
  "pitch mod.": {
    "data": {
      "CLAP": [
        {
          "data": [
            0.06812500953674316, 0.06812500953674316, 0.05509188026189804,
            0.014477272517979145, 0.0014835193287581205, 0.0014835193287581205,
            0.0030819170642644167, 0.06446319818496704, 0.2904924154281616,
            0.2904924154281616, 0.4415169358253479, 0.4043702483177185,
            0.7077347636222839, 0.7077347636222839, 0.9852809309959412,
            0.9852809309959412, 0.4823133051395416, 0.4823133051395416,
            0.5024703741073608, 0.5024703741073608, 0.13782262802124023,
            0.010457945987582207, 0.006070458795875311, 0.0017824163660407066,
            0.0028851120732724667, 0.0019295928068459034, 0.0019295928068459034,
            0.0019295928068459034, 0.0006137466407380998, 0.0004889109404757619,
            0.00015489646466448903, 0.00015489646466448903,
            0.00008246005018008873, 0.000165922858286649, 0.0005215484416112304,
            0.06687569618225098, 0.2681269645690918, 0.3434376120567322,
            0.2681269645690918, 0.0539371483027935, 0.032780297100543976,
            0.032780297100543976, 0.032780297100543976, 0.02491034008562565,
            0.04459042847156525, 0.02491034008562565, 0.01471087709069252,
            0.01471087709069252, 0.014211305417120457, 0.0024330983869731426,
            0.0024330983869731426, 0.004524962976574898, 0.004524962976574898,
            0.01372916717082262, 0.05161861330270767, 0.22274349629878998,
            0.645041823387146, 0.823864221572876, 0.645041823387146,
            0.24740898609161377, 0.06174052506685257, 0.024960385635495186,
            0.024960385635495186, 0.02859978750348091, 0.05734686926007271,
            0.1813470423221588, 0.1813470423221588, 0.005576726049184799,
            0.0009363662684336305, 0.0005184857291169465,
            0.00047367095248773694, 0.0004083213279955089,
            0.0004083213279955089, 0.012365655042231083, 0.028487663716077805,
            0.029709776863455772, 0.14243702590465546, 0.6999341249465942,
            0.6999341249465942
          ],
          "label": "straight"
        },
        {
          "data": [
            0.017592865973711014, 0.04616914689540863, 0.04562164843082428,
            0.04562164843082428, 0.02325497567653656, 0.010326920077204704,
            0.02163839153945446, 0.010326920077204704, 0.00841494556516409,
            0.00841494556516409, 0.00841494556516409, 0.00905406754463911,
            0.00244984426535666, 0.0005119142588227987, 0.0002666219079401344,
            0.0002666219079401344, 0.023861851543188095, 0.027043605223298073,
            0.027043605223298073, 0.021673137322068214, 0.021127093583345413,
            0.01662093959748745, 0.01662093959748745, 0.037308961153030396,
            0.051990777254104614, 0.037308961153030396, 0.023195017129182816,
            0.021504757925868034, 0.021504757925868034, 0.009325937367975712,
            0.009325937367975712, 0.011476621963083744, 0.01184260006994009,
            0.02202085591852665, 0.018622873350977898, 0.018622873350977898,
            0.008668258786201477, 0.008668258786201477, 0.015463229268789291,
            0.03498508036136627, 0.039430517703294754, 0.03498508036136627,
            0.039430517703294754, 0.027040744200348854, 0.027040744200348854,
            0.020535172894597054, 0.014386972412467003, 0.007060552015900612,
            0.007060552015900612, 0.007060552015900612, 0.031522151082754135,
            0.069126196205616, 0.08224985003471375, 0.07904061675071716,
            0.08224985003471375, 0.07904061675071716, 0.021702831611037254,
            0.009738927707076073, 0.021702831611037254, 0.014289935119450092,
            0.014289935119450092, 0.014289935119450092, 0.015216653235256672,
            0.015216653235256672, 0.019213389605283737, 0.08309173583984375,
            0.08309173583984375, 0.030971117317676544, 0.005376124754548073,
            0.005376124754548073, 0.0018777219811454415, 0.0018777219811454415,
            0.02311459369957447, 0.025588909164071083, 0.052346762269735336,
            0.052346762269735336, 0.0017619598656892776, 0.0017619598656892776,
            0.000726649072021246
          ],
          "label": "trill"
        },
        {
          "data": [
            0.018003810197114944, 0.035970743745565414, 0.035970743745565414,
            0.9371642470359802, 0.9442174434661865, 0.9694077372550964,
            0.9442174434661865, 0.8178029656410217, 0.6078580021858215,
            0.6078580021858215, 0.42275068163871765, 0.5031131505966187,
            0.29053187370300293, 0.29053187370300293, 0.004823452327400446,
            0.004823452327400446, 0.4148337244987488, 0.4148337244987488,
            0.31837284564971924, 0.31837284564971924, 0.7974449992179871,
            0.8413956761360168, 0.8413956761360168, 0.11342306435108185,
            0.11342306435108185, 0.9007773399353027, 0.9409382939338684,
            0.9438406825065613, 0.9530319571495056, 0.9863882660865784,
            0.9871292114257812, 0.9863882660865784, 0.9661390781402588,
            0.9201340079307556, 0.9201340079307556, 0.8586260080337524,
            0.3254004120826721, 0.04959290102124214, 0.04959290102124214,
            0.857581615447998, 0.857581615447998, 0.22096294164657593,
            0.22096294164657593, 0.340096116065979, 0.564987063407898,
            0.8966970443725586, 0.564987063407898, 0.21367865800857544,
            0.19333906471729279, 0.19333906471729279, 0.11129327863454819,
            0.11129327863454819, 0.43399569392204285, 0.6090236902236938,
            0.6090236902236938, 0.536271333694458, 0.13285376131534576,
            0.021518664434552193, 0.02831437811255455, 0.021518664434552193,
            0.02831437811255455, 0.6185417175292969, 0.6185417175292969,
            0.6185417175292969, 0.4223825931549072, 0.4223825931549072,
            0.14458225667476654, 0.12273628264665604, 0.12273628264665604,
            0.20928269624710083, 0.997204065322876, 0.997204065322876,
            0.7700576782226562, 0.2025553286075592, 0.2025553286075592,
            0.10414910316467285, 0.020179329439997673, 0.020179329439997673,
            0.005559191573411226
          ],